Product Title,Price,Rating,Colors,Sizes,Gender,Timestamp
T-shirt 2,1634400.0,3.9,3,M,Women,2025-05-12 21:24:25.772786
Hoodie 3,7950080.0,4.8,3,L,Unisex,2025-05-12 21:24:25.772887
Pants 4,7476960.0,3.3,3,XL,Men,2025-05-12 21:24:25.772976
Outerwear 5,5145440.0,3.5,3,XXL,Women,2025-05-12 21:24:25.773057
Jacket 6,2453920.0,3.3,3,S,Unisex,2025-05-12 21:24:25.773138
Crewneck 7,6892000.0,4.3,3,M,Men,2025-05-12 21:24:25.773381
T-shirt 8,7802560.0,3.1,3,L,Women,2025-05-12 21:24:25.773499
Hoodie 9,3972160.0,3.2,3,XL,Unisex,2025-05-12 21:24:25.773583
Pants 10,3100160.0,4.2,3,XXL,Men,2025-05-12 21:24:25.773664
Jacket 12,8527840.0,3.9,3,M,Unisex,2025-05-12 21:24:25.773817
Crewneck 13,5447200.0,3.2,3,L,Men,2025-05-12 21:24:25.773892
T-shirt 14,3248800.0,3.8,3,XL,Women,2025-05-12 21:24:25.773965
Hoodie 15,2184160.0,3.6,3,XXL,Unisex,2025-05-12 21:24:25.774039
Pants 16,0.0,0.0,8,S,Men,2025-05-12 21:24:25.774111
Outerwear 17,841600.0,3.8,3,M,Women,2025-05-12 21:24:25.774185
Jacket 18,5500000.0,3.8,3,L,Unisex,2025-05-12 21:24:25.774257
Crewneck 19,1308960.0,3.6,3,XL,Men,2025-05-12 21:24:25.774329
T-shirt 20,1325600.0,3.4,3,XXL,Women,2025-05-12 21:24:25.774401
Pants 22,4319680.0,4.9,3,M,Men,2025-05-12 21:24:29.900411
Outerwear 23,4655840.0,3.7,3,L,Women,2025-05-12 21:24:29.900509
Jacket 24,8223520.0,3.9,3,XL,Unisex,2025-05-12 21:24:29.900599
Crewneck 25,8322559.999999999,3.3,3,XXL,Men,2025-05-12 21:24:29.900689
T-shirt 26,7292320.0,4.6,3,S,Women,2025-05-12 21:24:29.900777
Hoodie 27,3551840.0,4.8,3,M,Unisex,2025-05-12 21:24:29.900867
Pants 28,5216160.0,4.0,3,L,Men,2025-05-12 21:24:29.900957
Outerwear 29,861600.0,3.1,3,XL,Women,2025-05-12 21:24:29.901047
Jacket 30,8610240.0,3.7,3,XXL,Unisex,2025-05-12 21:24:29.901128
T-shirt 32,6657920.0,3.4,3,M,Women,2025-05-12 21:24:29.901300
Hoodie 33,7248160.0,3.5,3,L,Unisex,2025-05-12 21:24:29.901381
Pants 34,8362719.999999999,3.8,3,XL,Men,2025-05-12 21:24:29.901462
Outerwear 35,1356160.0,3.8,3,XXL,Women,2025-05-12 21:24:29.901539
Jacket 36,7249280.0,3.7,3,S,Unisex,2025-05-12 21:24:29.901617
Crewneck 37,6006080.0,4.0,3,M,Men,2025-05-12 21:24:29.901694
T-shirt 38,4866080.0,3.2,3,L,Women,2025-05-12 21:24:29.901772
Hoodie 39,6431200.0,4.6,3,XL,Unisex,2025-05-12 21:24:29.901862
Pants 40,5853600.0,3.1,3,XXL,Men,2025-05-12 21:24:29.901942
Jacket 42,6744160.0,3.7,3,M,Unisex,2025-05-12 21:24:35.919957
Crewneck 43,2909600.0,4.5,3,L,Men,2025-05-12 21:24:35.920051
T-shirt 44,3312320.0,3.0,3,XL,Women,2025-05-12 21:24:35.920147
Hoodie 45,8693120.0,4.5,3,XXL,Unisex,2025-05-12 21:24:35.920257
Pants 46,0.0,0.0,8,S,Men,2025-05-12 21:24:35.920337
Outerwear 47,6364640.0,3.2,3,M,Women,2025-05-12 21:24:35.920444
Jacket 48,4994720.0,3.4,3,L,Unisex,2025-05-12 21:24:35.920525
Crewneck 49,1071200.0,4.0,3,XL,Men,2025-05-12 21:24:35.920605
T-shirt 50,5932960.0,3.1,3,XXL,Women,2025-05-12 21:24:35.920684
Pants 52,1596480.0,4.0,3,M,Men,2025-05-12 21:24:35.920845
Outerwear 53,4470880.0,4.3,3,L,Women,2025-05-12 21:24:35.920926
Jacket 54,854560.0,4.2,3,XL,Unisex,2025-05-12 21:24:35.921007
Crewneck 55,1793760.0,3.6,3,XXL,Men,2025-05-12 21:24:35.921087
T-shirt 56,4643040.0,3.8,3,S,Women,2025-05-12 21:24:35.921169
Hoodie 57,3155360.0,4.9,3,M,Unisex,2025-05-12 21:24:35.921250
Pants 58,1637760.0,4.4,3,L,Men,2025-05-12 21:24:35.921331
Outerwear 59,2254240.0,4.6,3,XL,Women,2025-05-12 21:24:35.921412
Jacket 60,3375520.0,4.2,3,XXL,Unisex,2025-05-12 21:24:35.921492
T-shirt 62,1376480.0,3.8,3,M,Women,2025-05-12 21:24:39.059687
Hoodie 63,6479200.0,3.6,3,L,Unisex,2025-05-12 21:24:39.059790
Pants 64,7728480.0,4.0,3,XL,Men,2025-05-12 21:24:39.059874
Outerwear 65,2385920.0,4.1,3,XXL,Women,2025-05-12 21:24:39.059955
Jacket 66,4353120.0,3.5,3,S,Unisex,2025-05-12 21:24:39.060035
Crewneck 67,8470720.0,3.5,3,M,Men,2025-05-12 21:24:39.060114
T-shirt 68,8025280.0,4.0,3,L,Women,2025-05-12 21:24:39.060192
Hoodie 69,1027839.9999999999,3.6,3,XL,Unisex,2025-05-12 21:24:39.060271
Pants 70,1171360.0,4.4,3,XXL,Men,2025-05-12 21:24:39.060349
Jacket 72,3776000.0,4.4,3,M,Unisex,2025-05-12 21:24:39.060507
Crewneck 73,2460320.0,3.0,3,L,Men,2025-05-12 21:24:39.060605
T-shirt 74,7704800.0,3.8,3,XL,Women,2025-05-12 21:24:39.060703
Hoodie 75,2101760.0,4.3,3,XXL,Unisex,2025-05-12 21:24:39.060784
Pants 76,0.0,0.0,8,S,Men,2025-05-12 21:24:39.060855
Outerwear 77,861760.0,3.7,3,M,Women,2025-05-12 21:24:39.060936
Jacket 78,2716480.0,4.3,3,L,Unisex,2025-05-12 21:24:39.061021
Crewneck 79,3309600.0,4.6,3,XL,Men,2025-05-12 21:24:39.061102
T-shirt 80,4178399.9999999995,4.5,3,XXL,Women,2025-05-12 21:24:39.061351
Pants 82,8315520.0,4.8,3,M,Men,2025-05-12 21:24:43.801510
Outerwear 83,3947840.0,3.7,3,L,Women,2025-05-12 21:24:43.801599
Jacket 84,2826080.0,4.8,3,XL,Unisex,2025-05-12 21:24:43.801685
Crewneck 85,4564160.0,3.5,3,XXL,Men,2025-05-12 21:24:43.801760
T-shirt 86,1670880.0,3.9,3,S,Women,2025-05-12 21:24:43.801834
Hoodie 87,7870240.0,4.3,3,M,Unisex,2025-05-12 21:24:43.801908
Pants 88,7590400.0,3.1,3,L,Men,2025-05-12 21:24:43.801981
Outerwear 89,4856320.0,3.0,3,XL,Women,2025-05-12 21:24:43.802052
Jacket 90,7160000.0,4.0,3,XXL,Unisex,2025-05-12 21:24:43.802124
T-shirt 92,5012320.0,3.5,3,M,Women,2025-05-12 21:24:43.802267
Hoodie 93,1365280.0,3.6,3,L,Unisex,2025-05-12 21:24:43.802338
Pants 94,1074880.0,4.3,3,XL,Men,2025-05-12 21:24:43.802411
Outerwear 95,6062240.0,3.5,3,XXL,Women,2025-05-12 21:24:43.802484
Jacket 96,4598240.0,4.9,3,S,Unisex,2025-05-12 21:24:43.802555
Crewneck 97,6113120.0,3.9,3,M,Men,2025-05-12 21:24:43.802626
T-shirt 98,8596960.0,3.1,3,L,Women,2025-05-12 21:24:43.802695
Hoodie 99,5028000.0,3.6,3,XL,Unisex,2025-05-12 21:24:43.802765
Pants 100,2217280.0,4.6,3,XXL,Men,2025-05-12 21:24:43.802835
Jacket 102,3840640.0,3.3,3,M,Unisex,2025-05-12 21:24:48.599863
Crewneck 103,2331680.0,3.5,3,L,Men,2025-05-12 21:24:48.599952
T-shirt 104,2374400.0,3.8,3,XL,Women,2025-05-12 21:24:48.600035
Hoodie 105,5019840.0,4.2,3,XXL,Unisex,2025-05-12 21:24:48.600116
Pants 106,0.0,0.0,8,S,Men,2025-05-12 21:24:48.600190
Outerwear 107,6625120.0,4.0,3,M,Women,2025-05-12 21:24:48.600274
Jacket 108,5551680.0,4.8,3,L,Unisex,2025-05-12 21:24:48.600356
Crewneck 109,5886880.0,3.3,3,XL,Men,2025-05-12 21:24:48.600437
T-shirt 110,7197120.0,4.6,3,XXL,Women,2025-05-12 21:24:48.600519
Pants 112,4261920.0,3.3,3,M,Men,2025-05-12 21:24:48.600684
Outerwear 113,4472000.0,3.7,3,L,Women,2025-05-12 21:24:48.600894
Jacket 114,5386560.0,4.9,3,XL,Unisex,2025-05-12 21:24:48.601041
Crewneck 115,1933280.0,4.5,3,XXL,Men,2025-05-12 21:24:48.601129
T-shirt 116,3474560.0,3.0,3,S,Women,2025-05-12 21:24:48.601208
Hoodie 117,3376320.0,5.0,3,M,Unisex,2025-05-12 21:24:48.601284
Pants 118,5585440.0,3.2,3,L,Men,2025-05-12 21:24:48.601360
Outerwear 119,3561760.0,3.4,3,XL,Women,2025-05-12 21:24:48.601434
Jacket 120,7480320.0,4.0,3,XXL,Unisex,2025-05-12 21:24:48.601510
T-shirt 122,1961920.0,3.6,3,M,Women,2025-05-12 21:24:51.709991
Hoodie 123,4498080.0,3.8,3,L,Unisex,2025-05-12 21:24:51.710090
Pants 124,7023520.0,3.2,3,XL,Men,2025-05-12 21:24:51.710188
Outerwear 125,6998240.0,4.2,3,XXL,Women,2025-05-12 21:24:51.710283
Jacket 126,4426080.0,3.9,3,S,Unisex,2025-05-12 21:24:51.710374
Crewneck 127,8311680.0,4.0,3,M,Men,2025-05-12 21:24:51.710465
T-shirt 128,4466720.0,3.8,3,L,Women,2025-05-12 21:24:51.710597
Hoodie 129,2532480.0,4.5,3,XL,Unisex,2025-05-12 21:24:51.710682
Pants 130,6603520.0,4.8,3,XXL,Men,2025-05-12 21:24:51.710768
Jacket 132,6474880.0,4.2,3,M,Unisex,2025-05-12 21:24:51.710927
Crewneck 133,2016320.0,4.7,3,L,Men,2025-05-12 21:24:51.711008
T-shirt 134,5937440.0,3.2,3,XL,Women,2025-05-12 21:24:51.711150
Hoodie 135,5141440.0,4.7,3,XXL,Unisex,2025-05-12 21:24:51.711261
Pants 136,0.0,0.0,8,S,Men,2025-05-12 21:24:51.711351
Outerwear 137,6988320.0,4.5,3,M,Women,2025-05-12 21:24:51.711446
Jacket 138,4635520.0,3.4,3,L,Unisex,2025-05-12 21:24:51.711533
Crewneck 139,8053120.0,4.5,3,XL,Men,2025-05-12 21:24:51.711617
T-shirt 140,6811040.0,3.5,3,XXL,Women,2025-05-12 21:24:51.711701
Pants 142,2325280.0,4.9,3,M,Men,2025-05-12 21:24:54.548523
Outerwear 143,3346560.0,4.9,3,L,Women,2025-05-12 21:24:54.548592
Jacket 144,5758240.0,4.3,3,XL,Unisex,2025-05-12 21:24:54.548657
Crewneck 145,3472800.0,4.8,3,XXL,Men,2025-05-12 21:24:54.548719
T-shirt 146,7688640.0,4.3,3,S,Women,2025-05-12 21:24:54.548780
Hoodie 147,3052800.0,5.0,3,M,Unisex,2025-05-12 21:24:54.548841
Pants 148,6033440.0,4.7,3,L,Men,2025-05-12 21:24:54.548902
Outerwear 149,3105920.0,3.2,3,XL,Women,2025-05-12 21:24:54.548962
Jacket 150,1500640.0,3.6,3,XXL,Unisex,2025-05-12 21:24:54.549023
T-shirt 152,6288640.0,4.2,3,M,Women,2025-05-12 21:24:54.549141
Hoodie 153,2660640.0,4.3,3,L,Unisex,2025-05-12 21:24:54.549201
Pants 154,2337440.0,3.0,3,XL,Men,2025-05-12 21:24:54.549262
Outerwear 155,3783200.0,4.1,3,XXL,Women,2025-05-12 21:24:54.549322
Jacket 156,6645120.0,3.6,3,S,Unisex,2025-05-12 21:24:54.549382
Crewneck 157,1105760.0,4.0,3,M,Men,2025-05-12 21:24:54.549442
T-shirt 158,7321120.0,4.0,3,L,Women,2025-05-12 21:24:54.549502
Hoodie 159,2371680.0,4.9,3,XL,Unisex,2025-05-12 21:24:54.549567
Pants 160,2802880.0,3.4,3,XXL,Men,2025-05-12 21:24:54.549629
Jacket 162,1543840.0,4.5,3,M,Unisex,2025-05-12 21:24:57.672189
Crewneck 163,7861920.0,4.4,3,L,Men,2025-05-12 21:24:57.672237
T-shirt 164,3512000.0,3.9,3,XL,Women,2025-05-12 21:24:57.672285
Hoodie 165,6921280.0,4.9,3,XXL,Unisex,2025-05-12 21:24:57.672331
Pants 166,0.0,0.0,8,S,Men,2025-05-12 21:24:57.672375
Outerwear 167,3273760.0,3.1,3,M,Women,2025-05-12 21:24:57.672421
Jacket 168,870400.0,4.4,3,L,Unisex,2025-05-12 21:24:57.672466
Crewneck 169,8032800.0,4.7,3,XL,Men,2025-05-12 21:24:57.672511
T-shirt 170,6677920.0,4.5,3,XXL,Women,2025-05-12 21:24:57.672555
Pants 172,1566080.0,4.9,3,M,Men,2025-05-12 21:24:57.672643
Outerwear 173,7034560.0,4.6,3,L,Women,2025-05-12 21:24:57.672686
Jacket 174,6282240.0,3.3,3,XL,Unisex,2025-05-12 21:24:57.672734
Crewneck 175,8125120.0,4.5,3,XXL,Men,2025-05-12 21:24:57.672778
T-shirt 176,6104320.0,3.6,3,S,Women,2025-05-12 21:24:57.672822
Hoodie 177,1890400.0,4.6,3,M,Unisex,2025-05-12 21:24:57.672866
Pants 178,6184160.0,3.0,3,L,Men,2025-05-12 21:24:57.672910
Outerwear 179,5816640.0,3.5,3,XL,Women,2025-05-12 21:24:57.672954
Jacket 180,5552640.0,3.9,3,XXL,Unisex,2025-05-12 21:24:57.672998
T-shirt 182,2334880.0,3.8,3,M,Women,2025-05-12 21:25:07.472132
Hoodie 183,3904640.0,3.6,3,L,Unisex,2025-05-12 21:25:07.472228
Pants 184,7759520.0,4.5,3,XL,Men,2025-05-12 21:25:07.472320
Outerwear 185,7822880.0,3.2,3,XXL,Women,2025-05-12 21:25:07.472410
Jacket 186,6940480.0,4.2,3,S,Unisex,2025-05-12 21:25:07.472499
Crewneck 187,6663520.0,3.8,3,M,Men,2025-05-12 21:25:07.472589
T-shirt 188,3927840.0,4.4,3,L,Women,2025-05-12 21:25:07.472677
Hoodie 189,1946720.0,4.0,3,XL,Unisex,2025-05-12 21:25:07.472765
Pants 190,2220960.0,4.5,3,XXL,Men,2025-05-12 21:25:07.472853
Jacket 192,5066240.0,3.8,3,M,Unisex,2025-05-12 21:25:07.473071
Crewneck 193,7355680.0,4.1,3,L,Men,2025-05-12 21:25:07.473188
T-shirt 194,2818720.0,4.9,3,XL,Women,2025-05-12 21:25:07.473277
Hoodie 195,7208960.0,4.9,3,XXL,Unisex,2025-05-12 21:25:07.473360
Pants 196,0.0,0.0,8,S,Men,2025-05-12 21:25:07.473435
Outerwear 197,5681600.0,4.9,3,M,Women,2025-05-12 21:25:07.473517
Jacket 198,5435040.0,4.5,3,L,Unisex,2025-05-12 21:25:07.473598
Crewneck 199,6744320.0,3.1,3,XL,Men,2025-05-12 21:25:07.473713
T-shirt 200,6289920.0,3.5,3,XXL,Women,2025-05-12 21:25:07.473796
Pants 202,5592480.0,3.3,3,M,Men,2025-05-12 21:25:10.593423
Outerwear 203,2144000.0,3.4,3,L,Women,2025-05-12 21:25:10.593464
Jacket 204,6031040.0,3.9,3,XL,Unisex,2025-05-12 21:25:10.593504
Crewneck 205,6434880.0,3.2,3,XXL,Men,2025-05-12 21:25:10.593542
T-shirt 206,4674720.0,4.5,3,S,Women,2025-05-12 21:25:10.593579
Hoodie 207,6101440.0,3.5,3,M,Unisex,2025-05-12 21:25:10.593617
Pants 208,4637600.0,3.1,3,L,Men,2025-05-12 21:25:10.593655
Outerwear 209,7980640.0,4.3,3,XL,Women,2025-05-12 21:25:10.593692
Jacket 210,7827360.0,4.7,3,XXL,Unisex,2025-05-12 21:25:10.593731
T-shirt 212,8794880.0,4.7,3,M,Women,2025-05-12 21:25:10.593804
Hoodie 213,5748000.0,3.6,3,L,Unisex,2025-05-12 21:25:10.593845
Pants 214,4315680.0,4.9,3,XL,Men,2025-05-12 21:25:10.593883
Outerwear 215,1449600.0,3.8,3,XXL,Women,2025-05-12 21:25:10.593920
Jacket 216,4576480.0,4.6,3,S,Unisex,2025-05-12 21:25:10.593957
Crewneck 217,5772960.0,4.8,3,M,Men,2025-05-12 21:25:10.593993
T-shirt 218,5600320.0,3.1,3,L,Women,2025-05-12 21:25:10.594028
Hoodie 219,5671040.0,4.6,3,XL,Unisex,2025-05-12 21:25:10.594064
Pants 220,3357600.0,3.2,3,XXL,Men,2025-05-12 21:25:10.594101
Jacket 222,7438080.0,3.4,3,M,Unisex,2025-05-12 21:25:13.709312
Crewneck 223,952960.0,4.8,3,L,Men,2025-05-12 21:25:13.709396
T-shirt 224,3534560.0,4.5,3,XL,Women,2025-05-12 21:25:13.709476
Hoodie 225,5232800.0,3.5,3,XXL,Unisex,2025-05-12 21:25:13.709554
Pants 226,0.0,0.0,8,S,Men,2025-05-12 21:25:13.709624
Outerwear 227,6742560.0,4.8,3,M,Women,2025-05-12 21:25:13.709715
Jacket 228,8076800.0,4.5,3,L,Unisex,2025-05-12 21:25:13.709795
Crewneck 229,3101920.0,4.9,3,XL,Men,2025-05-12 21:25:13.709872
T-shirt 230,7133280.0,4.5,3,XXL,Women,2025-05-12 21:25:13.709950
Pants 232,8327360.000000001,4.0,3,M,Men,2025-05-12 21:25:13.710186
Outerwear 233,847360.0,4.8,3,L,Women,2025-05-12 21:25:13.710282
Jacket 234,1159200.0,4.5,3,XL,Unisex,2025-05-12 21:25:13.710362
Crewneck 235,6560320.0,3.4,3,XXL,Men,2025-05-12 21:25:13.710439
T-shirt 236,5492320.0,3.9,3,S,Women,2025-05-12 21:25:13.710516
Hoodie 237,4743520.0,3.1,3,M,Unisex,2025-05-12 21:25:13.710592
Pants 238,8301920.0,3.8,3,L,Men,2025-05-12 21:25:13.710667
Outerwear 239,7934080.0,3.1,3,XL,Women,2025-05-12 21:25:13.710741
Jacket 240,7600000.0,3.8,3,XXL,Unisex,2025-05-12 21:25:13.710814
T-shirt 242,4833600.0,3.4,3,M,Women,2025-05-12 21:25:18.810621
Hoodie 243,3371680.0,3.1,3,L,Unisex,2025-05-12 21:25:18.810715
Pants 244,8116160.0,3.1,3,XL,Men,2025-05-12 21:25:18.810800
Outerwear 245,1451680.0,4.0,3,XXL,Women,2025-05-12 21:25:18.810886
Jacket 246,8735040.0,3.1,3,S,Unisex,2025-05-12 21:25:18.810971
Crewneck 247,8769120.0,3.0,3,M,Men,2025-05-12 21:25:18.811052
T-shirt 248,2280000.0,4.5,3,L,Women,2025-05-12 21:25:18.811132
Hoodie 249,2149440.0,4.2,3,XL,Unisex,2025-05-12 21:25:18.811212
Pants 250,4314240.0,3.1,3,XXL,Men,2025-05-12 21:25:18.811294
Jacket 252,8408480.0,3.2,3,M,Unisex,2025-05-12 21:25:18.811481
Crewneck 253,1854720.0,3.9,3,L,Men,2025-05-12 21:25:18.811560
T-shirt 254,5984160.0,3.9,3,XL,Women,2025-05-12 21:25:18.811639
Hoodie 255,3668000.0,4.1,3,XXL,Unisex,2025-05-12 21:25:18.811719
Pants 256,0.0,0.0,8,S,Men,2025-05-12 21:25:18.811791
Outerwear 257,7073120.0,5.0,3,M,Women,2025-05-12 21:25:18.811870
Jacket 258,2080639.9999999998,4.7,3,L,Unisex,2025-05-12 21:25:18.811950
Crewneck 259,2275520.0,3.3,3,XL,Men,2025-05-12 21:25:18.812029
T-shirt 260,6271520.0,3.5,3,XXL,Women,2025-05-12 21:25:18.812110
Pants 262,1097760.0,3.4,3,M,Men,2025-05-12 21:25:21.949364
Outerwear 263,1878400.0,4.2,3,L,Women,2025-05-12 21:25:21.949457
Jacket 264,2063040.0,4.8,3,XL,Unisex,2025-05-12 21:25:21.949543
Crewneck 265,2483040.0,3.5,3,XXL,Men,2025-05-12 21:25:21.949628
T-shirt 266,4842080.0,4.6,3,S,Women,2025-05-12 21:25:21.949711
Hoodie 267,4086240.0,4.3,3,M,Unisex,2025-05-12 21:25:21.949794
Pants 268,5005120.0,3.6,3,L,Men,2025-05-12 21:25:21.949877
Outerwear 269,8073920.0,3.1,3,XL,Women,2025-05-12 21:25:21.949962
Jacket 270,2569120.0,4.2,3,XXL,Unisex,2025-05-12 21:25:21.950050
T-shirt 272,5811840.0,3.3,3,M,Women,2025-05-12 21:25:21.950222
Hoodie 273,5291360.0,4.9,3,L,Unisex,2025-05-12 21:25:21.950305
Pants 274,3669280.0,4.2,3,XL,Men,2025-05-12 21:25:21.950387
Outerwear 275,5575360.0,4.8,3,XXL,Women,2025-05-12 21:25:21.950470
Jacket 276,1013600.0,4.3,3,S,Unisex,2025-05-12 21:25:21.950560
Crewneck 277,2383680.0,4.7,3,M,Men,2025-05-12 21:25:21.950643
T-shirt 278,2087360.0000000002,3.8,3,L,Women,2025-05-12 21:25:21.950727
Hoodie 279,5592320.0,4.7,3,XL,Unisex,2025-05-12 21:25:21.950811
Pants 280,7501440.0,3.9,3,XXL,Men,2025-05-12 21:25:21.950895
Jacket 282,2227040.0,3.0,3,M,Unisex,2025-05-12 21:25:25.070981
Crewneck 283,6633120.0,3.2,3,L,Men,2025-05-12 21:25:25.071077
T-shirt 284,6568000.0,3.6,3,XL,Women,2025-05-12 21:25:25.071166
Hoodie 285,3009120.0,3.2,3,XXL,Unisex,2025-05-12 21:25:25.071254
Pants 286,0.0,0.0,8,S,Men,2025-05-12 21:25:25.071334
Outerwear 287,5273600.0,3.7,3,M,Women,2025-05-12 21:25:25.071422
Jacket 288,3123040.0,4.1,3,L,Unisex,2025-05-12 21:25:25.071508
Crewneck 289,888000.0,4.0,3,XL,Men,2025-05-12 21:25:25.071595
T-shirt 290,6425120.0,4.2,3,XXL,Women,2025-05-12 21:25:25.071677
Pants 292,2384480.0,3.9,3,M,Men,2025-05-12 21:25:25.071831
Outerwear 293,1176160.0,4.5,3,L,Women,2025-05-12 21:25:25.071910
Jacket 294,5947200.0,3.8,3,XL,Unisex,2025-05-12 21:25:25.071989
Crewneck 295,7266720.0,4.9,3,XXL,Men,2025-05-12 21:25:25.072068
T-shirt 296,1172160.0,3.1,3,S,Women,2025-05-12 21:25:25.072150
Hoodie 297,7801120.0,3.6,3,M,Unisex,2025-05-12 21:25:25.072238
Pants 298,2426080.0,4.8,3,L,Men,2025-05-12 21:25:25.072320
Outerwear 299,1947840.0,4.3,3,XL,Women,2025-05-12 21:25:25.072411
Jacket 300,6408480.0,4.0,3,XXL,Unisex,2025-05-12 21:25:25.072493
T-shirt 302,5711200.0,3.2,3,M,Women,2025-05-12 21:25:28.199642
Hoodie 303,7974560.0,4.1,3,L,Unisex,2025-05-12 21:25:28.199740
Pants 304,7129760.0,3.4,3,XL,Men,2025-05-12 21:25:28.199830
Outerwear 305,6325440.0,4.5,3,XXL,Women,2025-05-12 21:25:28.199923
Jacket 306,7575040.0,4.2,3,S,Unisex,2025-05-12 21:25:28.200010
Crewneck 307,7735200.0,3.7,3,M,Men,2025-05-12 21:25:28.200100
T-shirt 308,4086080.0,4.1,3,L,Women,2025-05-12 21:25:28.200214
Hoodie 309,3953120.0,4.8,3,XL,Unisex,2025-05-12 21:25:28.200308
Pants 310,6329280.0,4.7,3,XXL,Men,2025-05-12 21:25:28.200389
Jacket 312,7267040.0,3.8,3,M,Unisex,2025-05-12 21:25:28.200548
Crewneck 313,1948320.0,3.1,3,L,Men,2025-05-12 21:25:28.200627
T-shirt 314,6017120.0,3.2,3,XL,Women,2025-05-12 21:25:28.200709
Hoodie 315,7022880.0,3.1,3,XXL,Unisex,2025-05-12 21:25:28.200794
Pants 316,0.0,0.0,8,S,Men,2025-05-12 21:25:28.200866
Outerwear 317,5259040.0,3.3,3,M,Women,2025-05-12 21:25:28.200959
Jacket 318,5667200.0,3.7,3,L,Unisex,2025-05-12 21:25:28.201053
Crewneck 319,3085920.0,3.3,3,XL,Men,2025-05-12 21:25:28.201137
T-shirt 320,829440.0,3.3,3,XXL,Women,2025-05-12 21:25:28.201216
Pants 322,7810400.0,3.2,3,M,Men,2025-05-12 21:25:31.329262
Outerwear 323,8468000.0,3.1,3,L,Women,2025-05-12 21:25:31.329333
Jacket 324,6082720.0,3.3,3,XL,Unisex,2025-05-12 21:25:31.329400
Crewneck 325,3001760.0,3.4,3,XXL,Men,2025-05-12 21:25:31.329464
T-shirt 326,4519360.0,4.9,3,S,Women,2025-05-12 21:25:31.329527
Hoodie 327,6641440.0,4.4,3,M,Unisex,2025-05-12 21:25:31.329591
Pants 328,5732960.0,4.5,3,L,Men,2025-05-12 21:25:31.329655
Outerwear 329,6724160.0,4.7,3,XL,Women,2025-05-12 21:25:31.329715
Jacket 330,1591200.0,4.3,3,XXL,Unisex,2025-05-12 21:25:31.329778
T-shirt 332,2335680.0,3.4,3,M,Women,2025-05-12 21:25:31.329901
Hoodie 333,1746080.0,4.8,3,L,Unisex,2025-05-12 21:25:31.329963
Pants 334,2409440.0,3.8,3,XL,Men,2025-05-12 21:25:31.330024
Outerwear 335,2826720.0,3.0,3,XXL,Women,2025-05-12 21:25:31.330086
Jacket 336,6237760.0,5.0,3,S,Unisex,2025-05-12 21:25:31.330145
Crewneck 337,8608800.0,4.3,3,M,Men,2025-05-12 21:25:31.330206
T-shirt 338,2883360.0,3.9,3,L,Women,2025-05-12 21:25:31.330267
Hoodie 339,4424800.0,4.9,3,XL,Unisex,2025-05-12 21:25:31.330328
Pants 340,5975200.0,4.3,3,XXL,Men,2025-05-12 21:25:31.330386
Jacket 342,1827680.0,4.8,3,M,Unisex,2025-05-12 21:25:34.460070
Crewneck 343,2279040.0,4.1,3,L,Men,2025-05-12 21:25:34.460376
T-shirt 344,3415680.0,4.5,3,XL,Women,2025-05-12 21:25:34.460488
Hoodie 345,7577440.0,3.3,3,XXL,Unisex,2025-05-12 21:25:34.460576
Pants 346,0.0,0.0,8,S,Men,2025-05-12 21:25:34.460653
Outerwear 347,6986080.0,4.7,3,M,Women,2025-05-12 21:25:34.460736
Jacket 348,3195040.0,4.6,3,L,Unisex,2025-05-12 21:25:34.460819
Crewneck 349,6085600.0,3.5,3,XL,Men,2025-05-12 21:25:34.460900
T-shirt 350,8047680.0,5.0,3,XXL,Women,2025-05-12 21:25:34.460982
Pants 352,2838880.0,4.0,3,M,Men,2025-05-12 21:25:34.461145
Outerwear 353,961600.0,3.6,3,L,Women,2025-05-12 21:25:34.461227
Jacket 354,2294720.0,3.8,3,XL,Unisex,2025-05-12 21:25:34.461312
Crewneck 355,4246560.0,3.2,3,XXL,Men,2025-05-12 21:25:34.461395
T-shirt 356,7150080.0,4.3,3,S,Women,2025-05-12 21:25:34.461479
Hoodie 357,3739360.0,3.6,3,M,Unisex,2025-05-12 21:25:34.461567
Pants 358,8479520.0,3.9,3,L,Men,2025-05-12 21:25:34.461651
Outerwear 359,1696480.0,4.3,3,XL,Women,2025-05-12 21:25:34.461734
Jacket 360,8788320.0,4.8,3,XXL,Unisex,2025-05-12 21:25:34.461815
T-shirt 362,4776800.0,5.0,3,M,Women,2025-05-12 21:25:37.593317
Hoodie 363,1171360.0,3.2,3,L,Unisex,2025-05-12 21:25:37.593403
Pants 364,4972800.0,4.8,3,XL,Men,2025-05-12 21:25:37.593484
Outerwear 365,6956480.0,4.5,3,XXL,Women,2025-05-12 21:25:37.593566
Jacket 366,5854880.0,4.9,3,S,Unisex,2025-05-12 21:25:37.593641
Crewneck 367,8359360.000000001,4.9,3,M,Men,2025-05-12 21:25:37.593716
T-shirt 368,965120.0,3.2,3,L,Women,2025-05-12 21:25:37.593789
Hoodie 369,7204960.0,4.7,3,XL,Unisex,2025-05-12 21:25:37.593863
Pants 370,4559680.0,3.6,3,XXL,Men,2025-05-12 21:25:37.593936
Jacket 372,5052960.0,3.6,3,M,Unisex,2025-05-12 21:25:37.594085
Crewneck 373,2231040.0,3.6,3,L,Men,2025-05-12 21:25:37.594160
T-shirt 374,7697120.0,3.9,3,XL,Women,2025-05-12 21:25:37.594232
Hoodie 375,7027520.0,3.9,3,XXL,Unisex,2025-05-12 21:25:37.594305
Pants 376,0.0,0.0,8,S,Men,2025-05-12 21:25:37.594373
Outerwear 377,6802080.0,4.8,3,M,Women,2025-05-12 21:25:37.594446
Jacket 378,3402400.0,3.6,3,L,Unisex,2025-05-12 21:25:37.594527
Crewneck 379,3963200.0,4.4,3,XL,Men,2025-05-12 21:25:37.594603
T-shirt 380,2547040.0,3.8,3,XXL,Women,2025-05-12 21:25:37.594836
Pants 382,1356160.0,4.4,3,M,Men,2025-05-12 21:25:40.716685
Outerwear 383,3431040.0,3.4,3,L,Women,2025-05-12 21:25:40.716769
Jacket 384,1452960.0,3.3,3,XL,Unisex,2025-05-12 21:25:40.716846
Crewneck 385,7950720.0,4.9,3,XXL,Men,2025-05-12 21:25:40.716910
T-shirt 386,4793600.0,4.6,3,S,Women,2025-05-12 21:25:40.716971
Hoodie 387,8418080.0,4.2,3,M,Unisex,2025-05-12 21:25:40.717031
Pants 388,931200.0,3.1,3,L,Men,2025-05-12 21:25:40.717100
Outerwear 389,2883200.0,5.0,3,XL,Women,2025-05-12 21:25:40.717170
Jacket 390,5432960.0,3.3,3,XXL,Unisex,2025-05-12 21:25:40.717240
T-shirt 392,1226080.0,4.4,3,M,Women,2025-05-12 21:25:40.717371
Hoodie 393,4068480.0,3.2,3,L,Unisex,2025-05-12 21:25:40.717436
Pants 394,3540000.0,3.3,3,XL,Men,2025-05-12 21:25:40.717498
Outerwear 395,3098720.0,4.0,3,XXL,Women,2025-05-12 21:25:40.717561
Jacket 396,2505280.0,3.9,3,S,Unisex,2025-05-12 21:25:40.717621
Crewneck 397,855360.0,3.6,3,M,Men,2025-05-12 21:25:40.717682
T-shirt 398,4592800.0,4.7,3,L,Women,2025-05-12 21:25:40.717743
Hoodie 399,2523520.0,3.6,3,XL,Unisex,2025-05-12 21:25:40.717802
Pants 400,6020640.0,4.7,3,XXL,Men,2025-05-12 21:25:40.717862
Jacket 402,2029120.0,4.6,3,M,Unisex,2025-05-12 21:25:43.833309
Crewneck 403,1580320.0,4.1,3,L,Men,2025-05-12 21:25:43.833375
T-shirt 404,3501120.0,4.9,3,XL,Women,2025-05-12 21:25:43.833438
Hoodie 405,5080160.0,3.8,3,XXL,Unisex,2025-05-12 21:25:43.833502
Pants 406,0.0,0.0,8,S,Men,2025-05-12 21:25:43.833562
Outerwear 407,2761280.0,3.7,3,M,Women,2025-05-12 21:25:43.833623
Jacket 408,4176000.0,4.9,3,L,Unisex,2025-05-12 21:25:43.833683
Crewneck 409,3221760.0,3.5,3,XL,Men,2025-05-12 21:25:43.833743
T-shirt 410,1586720.0,3.1,3,XXL,Women,2025-05-12 21:25:43.833803
Pants 412,5438240.0,4.4,3,M,Men,2025-05-12 21:25:43.833926
Outerwear 413,1306400.0,3.4,3,L,Women,2025-05-12 21:25:43.833987
Jacket 414,2234720.0,3.7,3,XL,Unisex,2025-05-12 21:25:43.834047
Crewneck 415,3617440.0,3.1,3,XXL,Men,2025-05-12 21:25:43.834107
T-shirt 416,4454080.0,3.1,3,S,Women,2025-05-12 21:25:43.834166
Hoodie 417,2769440.0,4.6,3,M,Unisex,2025-05-12 21:25:43.834221
Pants 418,6307840.0,5.0,3,L,Men,2025-05-12 21:25:43.834272
Outerwear 419,7004000.0,5.0,3,XL,Women,2025-05-12 21:25:43.834324
Jacket 420,2472640.0,3.1,3,XXL,Unisex,2025-05-12 21:25:43.834375
T-shirt 422,924320.0,3.9,3,M,Women,2025-05-12 21:25:46.949501
Hoodie 423,4601760.0,3.7,3,L,Unisex,2025-05-12 21:25:46.949600
Pants 424,3865760.0,4.4,3,XL,Men,2025-05-12 21:25:46.949686
Outerwear 425,2528480.0,4.8,3,XXL,Women,2025-05-12 21:25:46.949770
Jacket 426,3462400.0,3.4,3,S,Unisex,2025-05-12 21:25:46.949853
Crewneck 427,6375200.0,3.3,3,M,Men,2025-05-12 21:25:46.949938
T-shirt 428,7053120.0,4.9,3,L,Women,2025-05-12 21:25:46.950019
Hoodie 429,1658560.0,4.9,3,XL,Unisex,2025-05-12 21:25:46.950103
Pants 430,1442080.0,3.9,3,XXL,Men,2025-05-12 21:25:46.950184
Jacket 432,2151840.0,4.5,3,M,Unisex,2025-05-12 21:25:46.950345
Crewneck 433,3872480.0,4.2,3,L,Men,2025-05-12 21:25:46.950424
T-shirt 434,6557120.0,4.9,3,XL,Women,2025-05-12 21:25:46.950505
Hoodie 435,1015680.0,4.0,3,XXL,Unisex,2025-05-12 21:25:46.950584
Pants 436,0.0,0.0,8,S,Men,2025-05-12 21:25:46.950657
Outerwear 437,1016800.0,3.9,3,M,Women,2025-05-12 21:25:46.950737
Jacket 438,2453120.0,4.5,3,L,Unisex,2025-05-12 21:25:46.950815
Crewneck 439,4005440.0,3.2,3,XL,Men,2025-05-12 21:25:46.950895
T-shirt 440,5326080.0,3.0,3,XXL,Women,2025-05-12 21:25:46.950977
Pants 442,4701600.0,4.3,3,M,Men,2025-05-12 21:25:50.080062
Outerwear 443,7262720.0,4.2,3,L,Women,2025-05-12 21:25:50.080130
Jacket 444,4016960.0,3.3,3,XL,Unisex,2025-05-12 21:25:50.080203
Crewneck 445,3574240.0,4.5,3,XXL,Men,2025-05-12 21:25:50.080266
T-shirt 446,7740160.0,3.2,3,S,Women,2025-05-12 21:25:50.080327
Hoodie 447,4748640.0,4.0,3,M,Unisex,2025-05-12 21:25:50.080390
Pants 448,820160.0,4.4,3,L,Men,2025-05-12 21:25:50.080451
Outerwear 449,6410080.0,4.0,3,XL,Women,2025-05-12 21:25:50.080512
Jacket 450,8754880.0,3.1,3,XXL,Unisex,2025-05-12 21:25:50.080573
T-shirt 452,6892800.0,4.4,3,M,Women,2025-05-12 21:25:50.080695
Hoodie 453,6576960.0,4.2,3,L,Unisex,2025-05-12 21:25:50.080755
Pants 454,2179520.0,5.0,3,XL,Men,2025-05-12 21:25:50.080815
Outerwear 455,1094080.0,4.8,3,XXL,Women,2025-05-12 21:25:50.080874
Jacket 456,8096000.0,4.1,3,S,Unisex,2025-05-12 21:25:50.080936
Crewneck 457,7342880.0,4.8,3,M,Men,2025-05-12 21:25:50.080998
T-shirt 458,4240000.0,4.4,3,L,Women,2025-05-12 21:25:50.081059
Hoodie 459,3237280.0,3.5,3,XL,Unisex,2025-05-12 21:25:50.081120
Pants 460,1880800.0,3.6,3,XXL,Men,2025-05-12 21:25:50.081181
Jacket 462,6767840.0,4.5,3,M,Unisex,2025-05-12 21:25:56.199340
Crewneck 463,7539520.0,4.5,3,L,Men,2025-05-12 21:25:56.199427
T-shirt 464,6070080.0,4.5,3,XL,Women,2025-05-12 21:25:56.199508
Hoodie 465,6164320.0,4.7,3,XXL,Unisex,2025-05-12 21:25:56.199588
Pants 466,0.0,0.0,8,S,Men,2025-05-12 21:25:56.199660
Outerwear 467,1325920.0,3.5,3,M,Women,2025-05-12 21:25:56.199809
Jacket 468,4584960.0,3.7,3,L,Unisex,2025-05-12 21:25:56.199913
Crewneck 469,1738880.0,4.2,3,XL,Men,2025-05-12 21:25:56.200000
T-shirt 470,7738880.0,3.1,3,XXL,Women,2025-05-12 21:25:56.200085
Pants 472,3902080.0,3.1,3,M,Men,2025-05-12 21:25:56.200251
Outerwear 473,5478080.0,4.2,3,L,Women,2025-05-12 21:25:56.200335
Jacket 474,5864960.0,4.7,3,XL,Unisex,2025-05-12 21:25:56.200417
Crewneck 475,7017280.0,4.6,3,XXL,Men,2025-05-12 21:25:56.200500
T-shirt 476,3986240.0,4.3,3,S,Women,2025-05-12 21:25:56.200576
Hoodie 477,6626080.0,4.2,3,M,Unisex,2025-05-12 21:25:56.200651
Pants 478,4912000.0,3.8,3,L,Men,2025-05-12 21:25:56.200729
Outerwear 479,7302400.0,4.4,3,XL,Women,2025-05-12 21:25:56.200803
Jacket 480,4986240.0,4.2,3,XXL,Unisex,2025-05-12 21:25:56.200878
T-shirt 482,3352480.0,4.8,3,M,Women,2025-05-12 21:26:00.320976
Hoodie 483,4035040.0,4.2,3,L,Unisex,2025-05-12 21:26:00.321045
Pants 484,6428640.0,4.1,3,XL,Men,2025-05-12 21:26:00.321110
Outerwear 485,4044480.0,4.7,3,XXL,Women,2025-05-12 21:26:00.321174
Jacket 486,2573760.0,3.0,3,S,Unisex,2025-05-12 21:26:00.321237
Crewneck 487,6955520.0,3.7,3,M,Men,2025-05-12 21:26:00.321298
T-shirt 488,8789760.0,3.8,3,L,Women,2025-05-12 21:26:00.321361
Hoodie 489,3554560.0,5.0,3,XL,Unisex,2025-05-12 21:26:00.321422
Pants 490,7081600.0,3.1,3,XXL,Men,2025-05-12 21:26:00.321484
Jacket 492,6011840.0,3.0,3,M,Unisex,2025-05-12 21:26:00.321610
Crewneck 493,5071520.0,4.8,3,L,Men,2025-05-12 21:26:00.321671
T-shirt 494,1390080.0,3.4,3,XL,Women,2025-05-12 21:26:00.321731
Hoodie 495,1663200.0,4.5,3,XXL,Unisex,2025-05-12 21:26:00.321791
Pants 496,0.0,0.0,8,S,Men,2025-05-12 21:26:00.321849
Outerwear 497,3957760.0,4.4,3,M,Women,2025-05-12 21:26:00.321912
Jacket 498,4412800.0,4.6,3,L,Unisex,2025-05-12 21:26:00.321975
Crewneck 499,7825920.0,4.1,3,XL,Men,2025-05-12 21:26:00.322040
T-shirt 500,8114400.0,4.2,3,XXL,Women,2025-05-12 21:26:00.322103
Pants 502,7132480.0,4.4,3,M,Men,2025-05-12 21:26:04.450543
Outerwear 503,4924480.0,4.8,3,L,Women,2025-05-12 21:26:04.450641
Jacket 504,8024480.0,5.0,3,XL,Unisex,2025-05-12 21:26:04.450820
Crewneck 505,8747680.0,4.3,3,XXL,Men,2025-05-12 21:26:04.450942
T-shirt 506,8572000.0,3.6,3,S,Women,2025-05-12 21:26:04.451032
Hoodie 507,6844000.0,4.7,3,M,Unisex,2025-05-12 21:26:04.451115
Pants 508,7766080.0,3.5,3,L,Men,2025-05-12 21:26:04.451197
Outerwear 509,7178400.0,3.1,3,XL,Women,2025-05-12 21:26:04.451279
Jacket 510,1562080.0,3.4,3,XXL,Unisex,2025-05-12 21:26:04.451360
T-shirt 512,4319680.0,3.7,3,M,Women,2025-05-12 21:26:04.451521
Hoodie 513,1693760.0,4.4,3,L,Unisex,2025-05-12 21:26:04.451600
Pants 514,6888960.0,3.9,3,XL,Men,2025-05-12 21:26:04.451678
Outerwear 515,7262560.0,3.1,3,XXL,Women,2025-05-12 21:26:04.451758
Jacket 516,7130720.0,3.4,3,S,Unisex,2025-05-12 21:26:04.451837
Crewneck 517,1069280.0,3.5,3,M,Men,2025-05-12 21:26:04.451916
T-shirt 518,2575680.0,4.1,3,L,Women,2025-05-12 21:26:04.451994
Hoodie 519,2236160.0,4.5,3,XL,Unisex,2025-05-12 21:26:04.452072
Pants 520,2308320.0,3.8,3,XXL,Men,2025-05-12 21:26:04.452148
Jacket 522,6292960.0,4.0,3,M,Unisex,2025-05-12 21:26:07.570147
Crewneck 523,3626720.0,4.6,3,L,Men,2025-05-12 21:26:07.570215
T-shirt 524,936000.0,3.8,3,XL,Women,2025-05-12 21:26:07.570281
Hoodie 525,7919040.0,3.6,3,XXL,Unisex,2025-05-12 21:26:07.570346
Pants 526,0.0,0.0,8,S,Men,2025-05-12 21:26:07.570404
Outerwear 527,4669280.0,3.6,3,M,Women,2025-05-12 21:26:07.570467
Jacket 528,5595840.0,4.0,3,L,Unisex,2025-05-12 21:26:07.570525
Crewneck 529,1420160.0,3.2,3,XL,Men,2025-05-12 21:26:07.570586
T-shirt 530,6173760.0,3.3,3,XXL,Women,2025-05-12 21:26:07.570645
Pants 532,8391200.0,4.1,3,M,Men,2025-05-12 21:26:07.570765
Outerwear 533,3370240.0,4.2,3,L,Women,2025-05-12 21:26:07.570831
Jacket 534,3479200.0,3.7,3,XL,Unisex,2025-05-12 21:26:07.570891
Crewneck 535,3901280.0,3.7,3,XXL,Men,2025-05-12 21:26:07.570951
T-shirt 536,5092480.0,3.0,3,S,Women,2025-05-12 21:26:07.571010
Hoodie 537,8671840.0,3.1,3,M,Unisex,2025-05-12 21:26:07.571070
Pants 538,6134240.0,3.4,3,L,Men,2025-05-12 21:26:07.571130
Outerwear 539,4692640.0,4.7,3,XL,Women,2025-05-12 21:26:07.571192
Jacket 540,7051840.0,4.4,3,XXL,Unisex,2025-05-12 21:26:07.571252
T-shirt 542,4761440.0,3.5,3,M,Women,2025-05-12 21:26:10.692002
Hoodie 543,8715680.0,4.7,3,L,Unisex,2025-05-12 21:26:10.692064
Pants 544,5957760.0,3.1,3,XL,Men,2025-05-12 21:26:10.692120
Outerwear 545,3579360.0,4.0,3,XXL,Women,2025-05-12 21:26:10.692175
Jacket 546,6271520.0,3.3,3,S,Unisex,2025-05-12 21:26:10.692229
Crewneck 547,5361120.0,3.9,3,M,Men,2025-05-12 21:26:10.692282
T-shirt 548,2686240.0,4.6,3,L,Women,2025-05-12 21:26:10.692334
Hoodie 549,2687200.0,3.7,3,XL,Unisex,2025-05-12 21:26:10.692386
Pants 550,4450080.0,4.9,3,XXL,Men,2025-05-12 21:26:10.692439
Jacket 552,5380320.0,4.1,3,M,Unisex,2025-05-12 21:26:10.692541
Crewneck 553,7760800.0,3.8,3,L,Men,2025-05-12 21:26:10.692592
T-shirt 554,4001120.0,4.5,3,XL,Women,2025-05-12 21:26:10.692647
Hoodie 555,1809600.0,3.0,3,XXL,Unisex,2025-05-12 21:26:10.692700
Pants 556,0.0,0.0,8,S,Men,2025-05-12 21:26:10.692751
Outerwear 557,5460480.0,3.4,3,M,Women,2025-05-12 21:26:10.692808
Jacket 558,5007040.0,4.0,3,L,Unisex,2025-05-12 21:26:10.692860
Crewneck 559,1590880.0,3.5,3,XL,Men,2025-05-12 21:26:10.692911
T-shirt 560,6885280.0,4.2,3,XXL,Women,2025-05-12 21:26:10.692963
Pants 562,3724160.0,4.5,3,M,Men,2025-05-12 21:26:13.694178
Outerwear 563,8197440.000000001,4.7,3,L,Women,2025-05-12 21:26:13.694274
Jacket 564,8319200.000000001,4.3,3,XL,Unisex,2025-05-12 21:26:13.694368
Crewneck 565,7635200.0,3.5,3,XXL,Men,2025-05-12 21:26:13.694452
T-shirt 566,2611360.0,4.6,3,S,Women,2025-05-12 21:26:13.694550
Hoodie 567,4576160.0,3.2,3,M,Unisex,2025-05-12 21:26:13.694632
Pants 568,2984160.0,3.3,3,L,Men,2025-05-12 21:26:13.694712
Outerwear 569,4966880.0,4.7,3,XL,Women,2025-05-12 21:26:13.694791
Jacket 570,4000960.0,3.9,3,XXL,Unisex,2025-05-12 21:26:13.694870
T-shirt 572,4756320.0,3.2,3,M,Women,2025-05-12 21:26:13.695033
Hoodie 573,6954080.0,4.5,3,L,Unisex,2025-05-12 21:26:13.695112
Pants 574,2424000.0,3.8,3,XL,Men,2025-05-12 21:26:13.695190
Outerwear 575,3517760.0,3.4,3,XXL,Women,2025-05-12 21:26:13.695271
Jacket 576,805600.0,3.5,3,S,Unisex,2025-05-12 21:26:13.695350
Crewneck 577,7873920.0,3.3,3,M,Men,2025-05-12 21:26:13.695430
T-shirt 578,7958880.0,4.1,3,L,Women,2025-05-12 21:26:13.695508
Hoodie 579,4428640.0,4.4,3,XL,Unisex,2025-05-12 21:26:13.695587
Pants 580,2625440.0,3.3,3,XXL,Men,2025-05-12 21:26:13.695666
Jacket 582,4112160.0,4.1,3,M,Unisex,2025-05-12 21:26:17.710260
Crewneck 583,5737760.0,4.5,3,L,Men,2025-05-12 21:26:17.710351
T-shirt 584,6964960.0,4.8,3,XL,Women,2025-05-12 21:26:17.710431
Hoodie 585,6186880.0,4.9,3,XXL,Unisex,2025-05-12 21:26:17.710509
Pants 586,0.0,0.0,8,S,Men,2025-05-12 21:26:17.710579
Outerwear 587,4424960.0,4.4,3,M,Women,2025-05-12 21:26:17.710657
Jacket 588,4963040.0,4.7,3,L,Unisex,2025-05-12 21:26:17.710737
Crewneck 589,931840.0,4.7,3,XL,Men,2025-05-12 21:26:17.710814
T-shirt 590,6457120.0,3.9,3,XXL,Women,2025-05-12 21:26:17.710891
Pants 592,6805440.0,4.3,3,M,Men,2025-05-12 21:26:17.711046
Outerwear 593,7163840.0,3.9,3,L,Women,2025-05-12 21:26:17.711123
Jacket 594,8707680.0,4.2,3,XL,Unisex,2025-05-12 21:26:17.711202
Crewneck 595,3723840.0,3.5,3,XXL,Men,2025-05-12 21:26:17.711279
T-shirt 596,8290400.0,4.4,3,S,Women,2025-05-12 21:26:17.711362
Hoodie 597,7969440.0,3.3,3,M,Unisex,2025-05-12 21:26:17.711440
Pants 598,4714080.0,4.1,3,L,Men,2025-05-12 21:26:17.711516
Outerwear 599,1179040.0,3.3,3,XL,Women,2025-05-12 21:26:17.711593
Jacket 600,6414080.0,3.0,3,XXL,Unisex,2025-05-12 21:26:17.711669
T-shirt 602,2260960.0,4.4,3,M,Women,2025-05-12 21:26:20.703168
Hoodie 603,7511520.0,3.1,3,L,Unisex,2025-05-12 21:26:20.703225
Pants 604,7662240.0,4.3,3,XL,Men,2025-05-12 21:26:20.703280
Outerwear 605,1710720.0,3.7,3,XXL,Women,2025-05-12 21:26:20.703332
Jacket 606,5770720.0,4.6,3,S,Unisex,2025-05-12 21:26:20.703384
Crewneck 607,3857600.0,3.1,3,M,Men,2025-05-12 21:26:20.703436
T-shirt 608,7047840.0,4.6,3,L,Women,2025-05-12 21:26:20.703489
Hoodie 609,2956320.0,4.1,3,XL,Unisex,2025-05-12 21:26:20.703540
Pants 610,4515360.0,3.3,3,XXL,Men,2025-05-12 21:26:20.703594
Jacket 612,3202720.0,3.1,3,M,Unisex,2025-05-12 21:26:20.703696
Crewneck 613,1013920.0,3.6,3,L,Men,2025-05-12 21:26:20.703747
T-shirt 614,2428160.0,3.1,3,XL,Women,2025-05-12 21:26:20.703799
Hoodie 615,4798720.0,4.8,3,XXL,Unisex,2025-05-12 21:26:20.703857
Pants 616,0.0,0.0,8,S,Men,2025-05-12 21:26:20.703906
Outerwear 617,1765920.0,4.3,3,M,Women,2025-05-12 21:26:20.703958
Jacket 618,6474080.0,3.3,3,L,Unisex,2025-05-12 21:26:20.704009
Crewneck 619,8340639.999999999,4.4,3,XL,Men,2025-05-12 21:26:20.704064
T-shirt 620,2270240.0,3.3,3,XXL,Women,2025-05-12 21:26:20.704115
Pants 622,4849600.0,3.5,3,M,Men,2025-05-12 21:26:23.833646
Outerwear 623,7299520.0,4.6,3,L,Women,2025-05-12 21:26:23.833704
Jacket 624,6943200.0,3.9,3,XL,Unisex,2025-05-12 21:26:23.833759
Crewneck 625,7826400.0,4.1,3,XXL,Men,2025-05-12 21:26:23.833811
T-shirt 626,7777440.0,4.5,3,S,Women,2025-05-12 21:26:23.833865
Hoodie 627,1232320.0,3.2,3,M,Unisex,2025-05-12 21:26:23.833917
Pants 628,8113120.0,4.3,3,L,Men,2025-05-12 21:26:23.833970
Outerwear 629,3997920.0,4.4,3,XL,Women,2025-05-12 21:26:23.834021
Jacket 630,1003680.0,3.8,3,XXL,Unisex,2025-05-12 21:26:23.834072
T-shirt 632,4314240.0,3.6,3,M,Women,2025-05-12 21:26:23.834173
Hoodie 633,3128000.0,3.1,3,L,Unisex,2025-05-12 21:26:23.834224
Pants 634,8535680.0,3.9,3,XL,Men,2025-05-12 21:26:23.834275
Outerwear 635,6897120.0,4.1,3,XXL,Women,2025-05-12 21:26:23.834326
Jacket 636,3476320.0,4.5,3,S,Unisex,2025-05-12 21:26:23.834376
Crewneck 637,6030240.0,4.0,3,M,Men,2025-05-12 21:26:23.834427
T-shirt 638,5220960.0,4.6,3,L,Women,2025-05-12 21:26:23.834477
Hoodie 639,6782720.0,4.7,3,XL,Unisex,2025-05-12 21:26:23.834528
Pants 640,3038560.0,3.8,3,XXL,Men,2025-05-12 21:26:23.834582
Jacket 642,7747360.0,4.7,3,M,Unisex,2025-05-12 21:26:27.006339
Crewneck 643,6116000.0,3.2,3,L,Men,2025-05-12 21:26:27.006380
T-shirt 644,7479360.0,4.2,3,XL,Women,2025-05-12 21:26:27.006419
Hoodie 645,3285440.0,3.3,3,XXL,Unisex,2025-05-12 21:26:27.006455
Pants 646,0.0,0.0,8,S,Men,2025-05-12 21:26:27.006490
Outerwear 647,4304960.0,3.8,3,M,Women,2025-05-12 21:26:27.006527
Jacket 648,8699520.0,4.5,3,L,Unisex,2025-05-12 21:26:27.006563
Crewneck 649,8588160.0,3.2,3,XL,Men,2025-05-12 21:26:27.006598
T-shirt 650,8012800.0,3.4,3,XXL,Women,2025-05-12 21:26:27.006633
Pants 652,6084960.0,3.3,3,M,Men,2025-05-12 21:26:27.006703
Outerwear 653,2622080.0,4.0,3,L,Women,2025-05-12 21:26:27.006738
Jacket 654,4089440.0,4.7,3,XL,Unisex,2025-05-12 21:26:27.006773
Crewneck 655,1834240.0,4.1,3,XXL,Men,2025-05-12 21:26:27.006808
T-shirt 656,2538720.0,4.2,3,S,Women,2025-05-12 21:26:27.006843
Hoodie 657,8459040.0,4.8,3,M,Unisex,2025-05-12 21:26:27.006879
Pants 658,6268320.0,3.8,3,L,Men,2025-05-12 21:26:27.006914
Outerwear 659,1817920.0,3.3,3,XL,Women,2025-05-12 21:26:27.006949
Jacket 660,8715200.0,3.5,3,XXL,Unisex,2025-05-12 21:26:27.006985
T-shirt 662,1422720.0,4.5,3,M,Women,2025-05-12 21:26:30.100755
Hoodie 663,7087200.0,4.0,3,L,Unisex,2025-05-12 21:26:30.100860
Pants 664,8248639.999999999,3.5,3,XL,Men,2025-05-12 21:26:30.100954
Outerwear 665,4033600.0,3.2,3,XXL,Women,2025-05-12 21:26:30.101043
Jacket 666,4844000.0,3.9,3,S,Unisex,2025-05-12 21:26:30.101133
Crewneck 667,1756640.0,3.7,3,M,Men,2025-05-12 21:26:30.101222
T-shirt 668,5044640.0,3.7,3,L,Women,2025-05-12 21:26:30.101307
Hoodie 669,2346080.0,3.3,3,XL,Unisex,2025-05-12 21:26:30.101388
Pants 670,8406720.0,4.8,3,XXL,Men,2025-05-12 21:26:30.101466
Jacket 672,4776160.0,4.5,3,M,Unisex,2025-05-12 21:26:30.101624
Crewneck 673,2803360.0,4.7,3,L,Men,2025-05-12 21:26:30.101701
T-shirt 674,3156640.0,3.1,3,XL,Women,2025-05-12 21:26:30.101782
Hoodie 675,4314880.0,3.2,3,XXL,Unisex,2025-05-12 21:26:30.101861
Pants 676,0.0,0.0,8,S,Men,2025-05-12 21:26:30.101933
Outerwear 677,4657440.0,3.3,3,M,Women,2025-05-12 21:26:30.102017
Jacket 678,2777120.0,4.3,3,L,Unisex,2025-05-12 21:26:30.102096
Crewneck 679,6373120.0,3.2,3,XL,Men,2025-05-12 21:26:30.102175
T-shirt 680,8164800.0,3.2,3,XXL,Women,2025-05-12 21:26:30.102254
Pants 682,7616480.0,3.9,3,M,Men,2025-05-12 21:26:34.209598
Outerwear 683,3907360.0,3.6,3,L,Women,2025-05-12 21:26:34.209668
Jacket 684,7102560.0,3.5,3,XL,Unisex,2025-05-12 21:26:34.209736
Crewneck 685,1495840.0,4.6,3,XXL,Men,2025-05-12 21:26:34.209803
T-shirt 686,5381760.0,3.8,3,S,Women,2025-05-12 21:26:34.209868
Hoodie 687,4220800.0,4.7,3,M,Unisex,2025-05-12 21:26:34.209933
Pants 688,1487520.0,4.4,3,L,Men,2025-05-12 21:26:34.209996
Outerwear 689,1939040.0,4.6,3,XL,Women,2025-05-12 21:26:34.210059
Jacket 690,8782560.0,4.7,3,XXL,Unisex,2025-05-12 21:26:34.210121
T-shirt 692,1416480.0,4.1,3,M,Women,2025-05-12 21:26:34.210244
Hoodie 693,3031680.0,4.1,3,L,Unisex,2025-05-12 21:26:34.210304
Pants 694,2466720.0,3.4,3,XL,Men,2025-05-12 21:26:34.210366
Outerwear 695,959360.0,3.3,3,XXL,Women,2025-05-12 21:26:34.210427
Jacket 696,5146240.0,4.2,3,S,Unisex,2025-05-12 21:26:34.210489
Crewneck 697,6545120.0,5.0,3,M,Men,2025-05-12 21:26:34.210550
T-shirt 698,2444960.0,4.1,3,L,Women,2025-05-12 21:26:34.210612
Hoodie 699,5250240.0,4.5,3,XL,Unisex,2025-05-12 21:26:34.210673
Pants 700,3526560.0,4.3,3,XXL,Men,2025-05-12 21:26:34.210734
Jacket 702,4927680.0,4.3,3,M,Unisex,2025-05-12 21:26:37.339310
Crewneck 703,2949120.0,4.2,3,L,Men,2025-05-12 21:26:37.339380
T-shirt 704,6214240.0,4.1,3,XL,Women,2025-05-12 21:26:37.339445
Hoodie 705,3042880.0,3.1,3,XXL,Unisex,2025-05-12 21:26:37.339508
Pants 706,0.0,0.0,8,S,Men,2025-05-12 21:26:37.339566
Outerwear 707,7746240.0,4.4,3,M,Women,2025-05-12 21:26:37.339629
Jacket 708,8541280.0,4.3,3,L,Unisex,2025-05-12 21:26:37.339692
Crewneck 709,7022400.0,3.9,3,XL,Men,2025-05-12 21:26:37.339755
T-shirt 710,3751520.0,3.2,3,XXL,Women,2025-05-12 21:26:37.339816
Pants 712,1510400.0,4.1,3,M,Men,2025-05-12 21:26:37.339941
Outerwear 713,3142880.0,4.4,3,L,Women,2025-05-12 21:26:37.340002
Jacket 714,892320.0,3.1,3,XL,Unisex,2025-05-12 21:26:37.340064
Crewneck 715,7021760.0,3.9,3,XXL,Men,2025-05-12 21:26:37.340126
T-shirt 716,3602560.0,4.9,3,S,Women,2025-05-12 21:26:37.340187
Hoodie 717,1532800.0,3.6,3,M,Unisex,2025-05-12 21:26:37.340249
Pants 718,4057120.0,3.2,3,L,Men,2025-05-12 21:26:37.340310
Outerwear 719,3172960.0,4.7,3,XL,Women,2025-05-12 21:26:37.340372
Jacket 720,2028320.0,3.8,3,XXL,Unisex,2025-05-12 21:26:37.340433
T-shirt 722,8724320.0,3.2,3,M,Women,2025-05-12 21:26:40.481151
Hoodie 723,5664800.0,3.4,3,L,Unisex,2025-05-12 21:26:40.481238
Pants 724,4824800.0,4.7,3,XL,Men,2025-05-12 21:26:40.481320
Outerwear 725,4979200.0,3.0,3,XXL,Women,2025-05-12 21:26:40.481411
Jacket 726,6345920.0,3.5,3,S,Unisex,2025-05-12 21:26:40.481501
Crewneck 727,4024000.0,4.8,3,M,Men,2025-05-12 21:26:40.481598
T-shirt 728,8173440.0,3.0,3,L,Women,2025-05-12 21:26:40.481684
Hoodie 729,6431360.0,3.6,3,XL,Unisex,2025-05-12 21:26:40.481768
Pants 730,7228800.0,4.5,3,XXL,Men,2025-05-12 21:26:40.481899
Jacket 732,6597600.0,3.9,3,M,Unisex,2025-05-12 21:26:40.482063
Crewneck 733,1162880.0,4.7,3,L,Men,2025-05-12 21:26:40.482143
T-shirt 734,6858560.0,4.2,3,XL,Women,2025-05-12 21:26:40.482225
Hoodie 735,4664320.0,4.0,3,XXL,Unisex,2025-05-12 21:26:40.482307
Pants 736,0.0,0.0,8,S,Men,2025-05-12 21:26:40.482381
Outerwear 737,1015680.0,4.7,3,M,Women,2025-05-12 21:26:40.482463
Jacket 738,1893920.0,3.7,3,L,Unisex,2025-05-12 21:26:40.482545
Crewneck 739,8072960.0,3.3,3,XL,Men,2025-05-12 21:26:40.482631
T-shirt 740,7016640.0,3.4,3,XXL,Women,2025-05-12 21:26:40.482711
Pants 742,5626080.0,3.6,3,M,Men,2025-05-12 21:26:47.211722
Outerwear 743,5678080.0,3.0,3,L,Women,2025-05-12 21:26:47.211810
Jacket 744,5175680.0,4.1,3,XL,Unisex,2025-05-12 21:26:47.211894
Crewneck 745,2882560.0,3.8,3,XXL,Men,2025-05-12 21:26:47.211975
T-shirt 746,1517440.0,5.0,3,S,Women,2025-05-12 21:26:47.212057
Hoodie 747,6326880.0,4.7,3,M,Unisex,2025-05-12 21:26:47.212138
Pants 748,3134080.0,3.7,3,L,Men,2025-05-12 21:26:47.212222
Outerwear 749,2627360.0,3.2,3,XL,Women,2025-05-12 21:26:47.212302
Jacket 750,1030400.0000000001,3.7,3,XXL,Unisex,2025-05-12 21:26:47.212381
T-shirt 752,7431520.0,3.8,3,M,Women,2025-05-12 21:26:47.212538
Hoodie 753,8137600.0,4.8,3,L,Unisex,2025-05-12 21:26:47.212616
Pants 754,7229760.0,3.1,3,XL,Men,2025-05-12 21:26:47.212694
Outerwear 755,6910400.0,4.6,3,XXL,Women,2025-05-12 21:26:47.212774
Jacket 756,7128000.0,3.1,3,S,Unisex,2025-05-12 21:26:47.212850
Crewneck 757,7582720.0,4.4,3,M,Men,2025-05-12 21:26:47.212932
T-shirt 758,6025920.0,3.1,3,L,Women,2025-05-12 21:26:47.213007
Hoodie 759,2779840.0,4.7,3,XL,Unisex,2025-05-12 21:26:47.213081
Pants 760,2191040.0,4.1,3,XXL,Men,2025-05-12 21:26:47.213153
Jacket 762,4091840.0,4.9,3,M,Unisex,2025-05-12 21:26:50.340661
Crewneck 763,5792640.0,3.9,3,L,Men,2025-05-12 21:26:50.340758
T-shirt 764,7211680.0,3.4,3,XL,Women,2025-05-12 21:26:50.340849
Hoodie 765,1343360.0,4.9,3,XXL,Unisex,2025-05-12 21:26:50.340939
Pants 766,0.0,0.0,8,S,Men,2025-05-12 21:26:50.341021
Outerwear 767,4152800.0,4.5,3,M,Women,2025-05-12 21:26:50.341116
Jacket 768,5662080.0,4.9,3,L,Unisex,2025-05-12 21:26:50.341221
Crewneck 769,6294560.0,3.3,3,XL,Men,2025-05-12 21:26:50.341302
T-shirt 770,1655040.0,3.5,3,XXL,Women,2025-05-12 21:26:50.341380
Pants 772,8748160.0,3.4,3,M,Men,2025-05-12 21:26:50.341536
Outerwear 773,3393600.0,3.2,3,L,Women,2025-05-12 21:26:50.341613
Jacket 774,1485760.0,4.1,3,XL,Unisex,2025-05-12 21:26:50.341690
Crewneck 775,8189440.0,3.1,3,XXL,Men,2025-05-12 21:26:50.341770
T-shirt 776,5333120.0,3.7,3,S,Women,2025-05-12 21:26:50.341848
Hoodie 777,6104800.0,3.4,3,M,Unisex,2025-05-12 21:26:50.341927
Pants 778,6034720.0,4.2,3,L,Men,2025-05-12 21:26:50.342006
Outerwear 779,5816480.0,3.2,3,XL,Women,2025-05-12 21:26:50.342084
Jacket 780,2767520.0,3.4,3,XXL,Unisex,2025-05-12 21:26:50.342163
T-shirt 782,4117439.9999999995,4.5,3,M,Women,2025-05-12 21:26:55.530461
Hoodie 783,2510720.0,3.0,3,L,Unisex,2025-05-12 21:26:55.530560
Pants 784,5341280.0,3.0,3,XL,Men,2025-05-12 21:26:55.530668
Outerwear 785,6444480.0,4.3,3,XXL,Women,2025-05-12 21:26:55.530761
Jacket 786,6749280.0,5.0,3,S,Unisex,2025-05-12 21:26:55.530851
Crewneck 787,4593600.0,4.7,3,M,Men,2025-05-12 21:26:55.530938
T-shirt 788,3041120.0,4.7,3,L,Women,2025-05-12 21:26:55.531017
Hoodie 789,2153280.0,4.0,3,XL,Unisex,2025-05-12 21:26:55.531096
Pants 790,1708320.0,3.2,3,XXL,Men,2025-05-12 21:26:55.531176
Jacket 792,4068960.0,3.8,3,M,Unisex,2025-05-12 21:26:55.531336
Crewneck 793,8650080.0,4.0,3,L,Men,2025-05-12 21:26:55.531416
T-shirt 794,5983040.0,4.0,3,XL,Women,2025-05-12 21:26:55.531496
Hoodie 795,4209600.0,3.9,3,XXL,Unisex,2025-05-12 21:26:55.531578
Pants 796,0.0,0.0,8,S,Men,2025-05-12 21:26:55.531650
Outerwear 797,2771360.0,4.9,3,M,Women,2025-05-12 21:26:55.531731
Jacket 798,4391040.0,3.4,3,L,Unisex,2025-05-12 21:26:55.531812
Crewneck 799,4048800.0,4.2,3,XL,Men,2025-05-12 21:26:55.531893
T-shirt 800,7433280.0,4.6,3,XXL,Women,2025-05-12 21:26:55.531973
Pants 802,5710240.0,4.4,3,M,Men,2025-05-12 21:27:00.630633
Outerwear 803,1875360.0,4.3,3,L,Women,2025-05-12 21:27:00.630671
Jacket 804,4459040.0,3.9,3,XL,Unisex,2025-05-12 21:27:00.630705
Crewneck 805,3266720.0,4.8,3,XXL,Men,2025-05-12 21:27:00.630740
T-shirt 806,7310560.0,3.0,3,S,Women,2025-05-12 21:27:00.630775
Hoodie 807,5016000.0,4.7,3,M,Unisex,2025-05-12 21:27:00.630810
Pants 808,8717760.0,3.2,3,L,Men,2025-05-12 21:27:00.630843
Outerwear 809,7162560.0,3.7,3,XL,Women,2025-05-12 21:27:00.630874
Jacket 810,3796640.0,4.8,3,XXL,Unisex,2025-05-12 21:27:00.630905
T-shirt 812,6406080.0,4.2,3,M,Women,2025-05-12 21:27:00.630966
Hoodie 813,4872800.0,5.0,3,L,Unisex,2025-05-12 21:27:00.630997
Pants 814,1110080.0,4.7,3,XL,Men,2025-05-12 21:27:00.631028
Outerwear 815,5985440.0,4.8,3,XXL,Women,2025-05-12 21:27:00.631059
Jacket 816,1649120.0,4.5,3,S,Unisex,2025-05-12 21:27:00.631090
Crewneck 817,8744160.0,4.4,3,M,Men,2025-05-12 21:27:00.631121
T-shirt 818,5160320.0,3.8,3,L,Women,2025-05-12 21:27:00.631153
Hoodie 819,4742400.0,4.7,3,XL,Unisex,2025-05-12 21:27:00.631183
Pants 820,6030720.0,3.4,3,XXL,Men,2025-05-12 21:27:00.631213
Jacket 822,838240.0,4.2,3,M,Unisex,2025-05-12 21:27:03.769205
Crewneck 823,6103520.0,4.7,3,L,Men,2025-05-12 21:27:03.769275
T-shirt 824,3301440.0,4.1,3,XL,Women,2025-05-12 21:27:03.769341
Hoodie 825,1058400.0,3.8,3,XXL,Unisex,2025-05-12 21:27:03.769404
Pants 826,0.0,0.0,8,S,Men,2025-05-12 21:27:03.769462
Outerwear 827,7091040.0,4.8,3,M,Women,2025-05-12 21:27:03.769528
Jacket 828,2324000.0,4.6,3,L,Unisex,2025-05-12 21:27:03.769591
Crewneck 829,4630400.0,4.4,3,XL,Men,2025-05-12 21:27:03.769654
T-shirt 830,4496480.0,3.0,3,XXL,Women,2025-05-12 21:27:03.769719
Pants 832,3955360.0,4.6,3,M,Men,2025-05-12 21:27:03.769844
Outerwear 833,7101280.0,3.0,3,L,Women,2025-05-12 21:27:03.769905
Jacket 834,7223680.0,3.1,3,XL,Unisex,2025-05-12 21:27:03.769966
Crewneck 835,7143360.0,3.9,3,XXL,Men,2025-05-12 21:27:03.770028
T-shirt 836,6065440.0,4.1,3,S,Women,2025-05-12 21:27:03.770089
Hoodie 837,5532640.0,5.0,3,M,Unisex,2025-05-12 21:27:03.770150
Pants 838,2848800.0,3.1,3,L,Men,2025-05-12 21:27:03.770210
Outerwear 839,4208320.0,3.9,3,XL,Women,2025-05-12 21:27:03.770271
Jacket 840,8164640.0,3.6,3,XXL,Unisex,2025-05-12 21:27:03.770332
T-shirt 842,2859040.0,3.3,3,M,Women,2025-05-12 21:27:06.916155
Hoodie 843,2997120.0,3.6,3,L,Unisex,2025-05-12 21:27:06.916242
Pants 844,7422880.0,3.9,3,XL,Men,2025-05-12 21:27:06.916324
Outerwear 845,2023200.0,3.2,3,XXL,Women,2025-05-12 21:27:06.916407
Jacket 846,7480480.0,3.6,3,S,Unisex,2025-05-12 21:27:06.916488
Crewneck 847,4789920.0,3.7,3,M,Men,2025-05-12 21:27:06.916565
T-shirt 848,6134240.0,4.1,3,L,Women,2025-05-12 21:27:06.916644
Hoodie 849,7816160.0,3.5,3,XL,Unisex,2025-05-12 21:27:06.916721
Pants 850,4144160.0,4.2,3,XXL,Men,2025-05-12 21:27:06.916800
Jacket 852,2777280.0,4.1,3,M,Unisex,2025-05-12 21:27:06.916960
Crewneck 853,2643840.0,3.4,3,L,Men,2025-05-12 21:27:06.917037
T-shirt 854,1600000.0,4.5,3,XL,Women,2025-05-12 21:27:06.917116
Hoodie 855,3249760.0,5.0,3,XXL,Unisex,2025-05-12 21:27:06.917193
Pants 856,0.0,0.0,8,S,Men,2025-05-12 21:27:06.917278
Outerwear 857,4532800.0,3.0,3,M,Women,2025-05-12 21:27:06.917362
Jacket 858,3748640.0,3.7,3,L,Unisex,2025-05-12 21:27:06.917440
Crewneck 859,6418560.0,3.0,3,XL,Men,2025-05-12 21:27:06.917517
T-shirt 860,2419360.0,4.7,3,XXL,Women,2025-05-12 21:27:06.917594
Pants 862,4131359.9999999995,3.3,3,M,Men,2025-05-12 21:27:16.037161
Outerwear 863,1071360.0,4.0,3,L,Women,2025-05-12 21:27:16.037230
Jacket 864,2168000.0,4.5,3,XL,Unisex,2025-05-12 21:27:16.037296
Crewneck 865,6805120.0,3.9,3,XXL,Men,2025-05-12 21:27:16.037358
T-shirt 866,2399040.0,3.2,3,S,Women,2025-05-12 21:27:16.037420
Hoodie 867,1303840.0,3.3,3,M,Unisex,2025-05-12 21:27:16.037483
Pants 868,7473760.0,4.6,3,L,Men,2025-05-12 21:27:16.037548
Outerwear 869,6040320.0,4.5,3,XL,Women,2025-05-12 21:27:16.037610
Jacket 870,6395040.0,3.5,3,XXL,Unisex,2025-05-12 21:27:16.037672
T-shirt 872,1343680.0,4.3,3,M,Women,2025-05-12 21:27:16.037795
Hoodie 873,8321600.0,4.8,3,L,Unisex,2025-05-12 21:27:16.037856
Pants 874,2755200.0,4.4,3,XL,Men,2025-05-12 21:27:16.037917
Outerwear 875,2506720.0,4.6,3,XXL,Women,2025-05-12 21:27:16.037977
Jacket 876,3225760.0,4.6,3,S,Unisex,2025-05-12 21:27:16.038038
Crewneck 877,4552640.0,4.6,3,M,Men,2025-05-12 21:27:16.038099
T-shirt 878,4809760.0,4.7,3,L,Women,2025-05-12 21:27:16.038159
Hoodie 879,1026880.0000000001,3.1,3,XL,Unisex,2025-05-12 21:27:16.038219
Pants 880,6497760.0,4.3,3,XXL,Men,2025-05-12 21:27:16.038280
Jacket 882,6420960.0,3.3,3,M,Unisex,2025-05-12 21:27:19.181624
Crewneck 883,5901120.0,3.6,3,L,Men,2025-05-12 21:27:19.181669
T-shirt 884,7414720.0,4.3,3,XL,Women,2025-05-12 21:27:19.181713
Hoodie 885,4760640.0,3.4,3,XXL,Unisex,2025-05-12 21:27:19.181754
Pants 886,0.0,0.0,8,S,Men,2025-05-12 21:27:19.181793
Outerwear 887,7806400.0,3.8,3,M,Women,2025-05-12 21:27:19.181834
Jacket 888,7869280.0,4.2,3,L,Unisex,2025-05-12 21:27:19.181873
Crewneck 889,6333920.0,4.6,3,XL,Men,2025-05-12 21:27:19.181913
T-shirt 890,6439040.0,4.7,3,XXL,Women,2025-05-12 21:27:19.181954
Pants 892,8515360.0,4.4,3,M,Men,2025-05-12 21:27:19.182033
Outerwear 893,2673600.0,3.2,3,L,Women,2025-05-12 21:27:19.182073
Jacket 894,2946560.0,4.8,3,XL,Unisex,2025-05-12 21:27:19.182112
Crewneck 895,1126720.0,4.3,3,XXL,Men,2025-05-12 21:27:19.182153
T-shirt 896,7873760.0,4.9,3,S,Women,2025-05-12 21:27:19.182193
Hoodie 897,6077920.0,3.1,3,M,Unisex,2025-05-12 21:27:19.182232
Pants 898,8408640.0,4.1,3,L,Men,2025-05-12 21:27:19.182271
Outerwear 899,6192960.0,4.8,3,XL,Women,2025-05-12 21:27:19.182310
Jacket 900,7214240.0,3.3,3,XXL,Unisex,2025-05-12 21:27:19.182350
T-shirt 902,3164000.0,3.6,3,M,Women,2025-05-12 21:27:22.311122
Hoodie 903,2617920.0,4.1,3,L,Unisex,2025-05-12 21:27:22.311210
Pants 904,3356320.0,3.9,3,XL,Men,2025-05-12 21:27:22.311309
Outerwear 905,5027840.0,4.9,3,XXL,Women,2025-05-12 21:27:22.311393
Jacket 906,4301760.0,3.9,3,S,Unisex,2025-05-12 21:27:22.311474
Crewneck 907,8732640.0,4.9,3,M,Men,2025-05-12 21:27:22.311554
T-shirt 908,7954880.0,4.2,3,L,Women,2025-05-12 21:27:22.311635
Hoodie 909,8383840.0,3.6,3,XL,Unisex,2025-05-12 21:27:22.311714
Pants 910,2395200.0,4.7,3,XXL,Men,2025-05-12 21:27:22.311806
Jacket 912,7853280.0,4.9,3,M,Unisex,2025-05-12 21:27:22.311969
Crewneck 913,3222240.0,3.5,3,L,Men,2025-05-12 21:27:22.312048
T-shirt 914,5799200.0,4.6,3,XL,Women,2025-05-12 21:27:22.312126
Hoodie 915,2649120.0,4.2,3,XXL,Unisex,2025-05-12 21:27:22.312204
Pants 916,0.0,0.0,8,S,Men,2025-05-12 21:27:22.312275
Outerwear 917,6061600.0,4.0,3,M,Women,2025-05-12 21:27:22.312356
Jacket 918,5380800.0,3.3,3,L,Unisex,2025-05-12 21:27:22.312435
Crewneck 919,8364000.0,4.7,3,XL,Men,2025-05-12 21:27:22.312513
T-shirt 920,3706080.0,3.2,3,XXL,Women,2025-05-12 21:27:22.312591
Pants 922,1210880.0,4.4,3,M,Men,2025-05-12 21:27:25.455121
Outerwear 923,2435840.0,3.7,3,L,Women,2025-05-12 21:27:25.455204
Jacket 924,3764320.0,3.8,3,XL,Unisex,2025-05-12 21:27:25.455282
Crewneck 925,7900800.0,4.5,3,XXL,Men,2025-05-12 21:27:25.455358
T-shirt 926,1911040.0,4.6,3,S,Women,2025-05-12 21:27:25.455431
Hoodie 927,7706400.0,3.5,3,M,Unisex,2025-05-12 21:27:25.455511
Pants 928,3911680.0,3.4,3,L,Men,2025-05-12 21:27:25.455587
Outerwear 929,1253440.0,3.3,3,XL,Women,2025-05-12 21:27:25.455662
Jacket 930,1741120.0,4.9,3,XXL,Unisex,2025-05-12 21:27:25.455738
T-shirt 932,5937600.0,4.2,3,M,Women,2025-05-12 21:27:25.455886
Hoodie 933,4960800.0,3.4,3,L,Unisex,2025-05-12 21:27:25.455960
Pants 934,2248160.0,3.6,3,XL,Men,2025-05-12 21:27:25.456034
Outerwear 935,6048000.0,4.1,3,XXL,Women,2025-05-12 21:27:25.456107
Jacket 936,6165440.0,3.1,3,S,Unisex,2025-05-12 21:27:25.456180
Crewneck 937,2475360.0,4.1,3,M,Men,2025-05-12 21:27:25.456252
T-shirt 938,4058400.0,3.6,3,L,Women,2025-05-12 21:27:25.456324
Hoodie 939,4466080.0,4.8,3,XL,Unisex,2025-05-12 21:27:25.456396
Pants 940,5776000.0,3.7,3,XXL,Men,2025-05-12 21:27:25.456468
Jacket 942,7972960.0,3.0,3,M,Unisex,2025-05-12 21:27:34.581212
Crewneck 943,4571040.0,4.4,3,L,Men,2025-05-12 21:27:34.581301
T-shirt 944,1578240.0,4.6,3,XL,Women,2025-05-12 21:27:34.581384
Hoodie 945,2107680.0,4.2,3,XXL,Unisex,2025-05-12 21:27:34.581466
Pants 946,0.0,0.0,8,S,Men,2025-05-12 21:27:34.581540
Outerwear 947,7079680.0,4.6,3,M,Women,2025-05-12 21:27:34.581622
Jacket 948,4600480.0,3.9,3,L,Unisex,2025-05-12 21:27:34.581703
Crewneck 949,1844320.0,4.4,3,XL,Men,2025-05-12 21:27:34.581783
T-shirt 950,7691680.0,4.9,3,XXL,Women,2025-05-12 21:27:34.581864
Pants 952,7155040.0,3.7,3,M,Men,2025-05-12 21:27:34.582182
Outerwear 953,8423200.0,3.8,3,L,Women,2025-05-12 21:27:34.582360
Jacket 954,3878720.0,4.1,3,XL,Unisex,2025-05-12 21:27:34.582448
Crewneck 955,7006560.0,4.7,3,XXL,Men,2025-05-12 21:27:34.582530
T-shirt 956,4457600.0,3.1,3,S,Women,2025-05-12 21:27:34.582607
Hoodie 957,4024320.0,4.4,3,M,Unisex,2025-05-12 21:27:34.582681
Pants 958,3946240.0,4.8,3,L,Men,2025-05-12 21:27:34.582761
Outerwear 959,6828480.0,4.6,3,XL,Women,2025-05-12 21:27:34.582834
Jacket 960,5840160.0,4.5,3,XXL,Unisex,2025-05-12 21:27:34.582911
T-shirt 962,2887840.0,4.1,3,M,Women,2025-05-12 21:27:37.711369
Hoodie 963,7916160.0,4.6,3,L,Unisex,2025-05-12 21:27:37.711415
Pants 964,3885280.0,3.3,3,XL,Men,2025-05-12 21:27:37.711459
Outerwear 965,3107200.0,4.5,3,XXL,Women,2025-05-12 21:27:37.711502
Jacket 966,8499520.0,4.9,3,S,Unisex,2025-05-12 21:27:37.711544
Crewneck 967,1744000.0,3.5,3,M,Men,2025-05-12 21:27:37.711585
T-shirt 968,4045120.0,4.4,3,L,Women,2025-05-12 21:27:37.711628
Hoodie 969,4231840.0,3.8,3,XL,Unisex,2025-05-12 21:27:37.711669
Pants 970,952960.0,4.6,3,XXL,Men,2025-05-12 21:27:37.711711
Jacket 972,7272000.0,4.4,3,M,Unisex,2025-05-12 21:27:37.711794
Crewneck 973,7134400.0,3.9,3,L,Men,2025-05-12 21:27:37.711834
T-shirt 974,4769280.0,3.0,3,XL,Women,2025-05-12 21:27:37.711876
Hoodie 975,4816000.0,3.6,3,XXL,Unisex,2025-05-12 21:27:37.711917
Pants 976,0.0,0.0,8,S,Men,2025-05-12 21:27:37.711955
Outerwear 977,3356000.0,3.6,3,M,Women,2025-05-12 21:27:37.711996
Jacket 978,3918240.0,3.6,3,L,Unisex,2025-05-12 21:27:37.712036
Crewneck 979,4848480.0,3.4,3,XL,Men,2025-05-12 21:27:37.712077
T-shirt 980,6544000.0,3.1,3,XXL,Women,2025-05-12 21:27:37.712116
Pants 982,7281760.0,4.9,3,M,Men,2025-05-12 21:27:40.840133
Outerwear 983,5762560.0,3.2,3,L,Women,2025-05-12 21:27:40.840216
Jacket 984,7349440.0,3.8,3,XL,Unisex,2025-05-12 21:27:40.840291
Crewneck 985,6236000.0,4.3,3,XXL,Men,2025-05-12 21:27:40.840365
T-shirt 986,6713760.0,4.5,3,S,Women,2025-05-12 21:27:40.840438
Hoodie 987,4008000.0,4.7,3,M,Unisex,2025-05-12 21:27:40.840510
Pants 988,2054239.9999999998,3.5,3,L,Men,2025-05-12 21:27:40.840582
Outerwear 989,6869440.0,4.2,3,XL,Women,2025-05-12 21:27:40.840643
Jacket 990,3327360.0,4.2,3,XXL,Unisex,2025-05-12 21:27:40.840704
T-shirt 992,4840480.0,4.9,3,M,Women,2025-05-12 21:27:40.840825
Hoodie 993,6361920.0,3.4,3,L,Unisex,2025-05-12 21:27:40.840885
Pants 994,1693760.0,4.4,3,XL,Men,2025-05-12 21:27:40.840944
Outerwear 995,8046720.0,3.2,3,XXL,Women,2025-05-12 21:27:40.841004
Jacket 996,6942400.0,4.3,3,S,Unisex,2025-05-12 21:27:40.841066
Crewneck 997,5321280.0,3.9,3,M,Men,2025-05-12 21:27:40.841127
T-shirt 998,908000.0,4.2,3,L,Women,2025-05-12 21:27:40.841189
Hoodie 999,8534240.0,4.8,3,XL,Unisex,2025-05-12 21:27:40.841249
Pants 1000,2938240.0,4.7,3,XXL,Men,2025-05-12 21:27:40.841309
